feature,n questions with feature,mean acc present (%),mean acc absent (%),gap (pp),spearman rho
path operator (/ or |),114,22.7,29.7,-7.1,-0.057
transitive star (*),97,21.2,29.8,-8.6,-0.055
statement node (p:),75,21.0,29.2,-8.2,-0.104
qualifier (pq:),52,24.1,28.1,-4.0,-0.04
value node (psv:),16,17.8,27.9,-10.1,-0.04
aggregation,75,17.5,30.1,-12.6,-0.153
GROUP BY,94,21.2,29.7,-8.5,-0.117
alternation (VALUES/UNION),56,19.4,29.0,-9.6,-0.033
subquery,15,22.6,27.7,-5.1,-0.026
OPTIONAL,151,33.9,23.0,10.9,0.104
FILTER,86,24.0,28.6,-4.5,-0.059
triples (approx),354,27.4,30.2,-2.8,-0.032
projected vars,327,27.9,24.2,3.6,0.097
