kind,original,category,repaired,rule,top_candidate,top_label
property,full work available at URL,verbose paraphrase,,,,
property,P7,bare identifier,,,,
property,P9,bare identifier,,,,
property,product or material produced or service provided,verbose paraphrase,,,,
property,P1773,bare identifier,,,,
property,P794,bare identifier,,,,
property,P139,bare identifier,,,,
property,crew member(s),near-miss wording,crew member,strip parenthetical,P1029,crew members
entity,list of constituencies for the election to the German Bundestag 2017,verbose paraphrase,,,,
property,significant achievement,near-miss wording,,,,
property,has clinical trial phase number,verbose paraphrase,,,,
property,is named after,near-miss wording,named after,drop leading is/has,P138,named after
property,locatedInTheAdministrativeTerritoryWithOfficialCode,camelCase / RDF style,,,,
property,archival institution,near-miss wording,,,,
property,dateDiscovered,camelCase / RDF style,date discovered,split camelCase,P575,time of discovery or invention
property,native region,near-miss wording,,,,
property,has_wikimedia_site,snake_case,,,,
entity,Given Country,near-miss wording,,,,
property,has Wikipedia URL,qualified / suffixed name,Wikipedia URL,drop leading is/has,P4656,Wikimedia import URL
property,locatedInTheAdministrativeTerritory,camelCase / RDF style,,,,
property,has video,near-miss wording,,,,
property,official name in English,near-miss wording,,,,
property,serves airport,near-miss wording,,,,
property,academicAdvisor,camelCase / RDF style,,,,
property,familyName,camelCase / RDF style,family name,split camelCase,P734,family name
property,has official name,near-miss wording,official name,drop leading is/has,P1448,official name
property,registered in the National Register of Historic Places,verbose paraphrase,,,,
property,significantEvent,camelCase / RDF style,significant event,split camelCase,P793,significant event
property,has Wikipedia page,near-miss wording,,,,
property,namesake of place,near-miss wording,,,,
property,flowsInto,camelCase / RDF style,flows into,split camelCase,P403,mouth of the watercourse
property,is border of,near-miss wording,,,,
property,archival holdings of,near-miss wording,,,,
property,fieldOfStudy,camelCase / RDF style,,,,
property,located in the administrative territorial entity with largest city,verbose paraphrase,,,,
property,external identifier,qualified / suffixed name,,,,
property,ancestralGroup,camelCase / RDF style,,,,
entity,Museum of Archaeology St-Raymond,near-miss wording,,,,
property,michelinStar,camelCase / RDF style,,,,
property,hasEnglishWikipediaPage,camelCase / RDF style,,,,
property,example form,near-miss wording,,,,
property,wiki link target,near-miss wording,,,,
property,has wikipedia page,near-miss wording,,,,
property,has won the Nobel Prize,verbose paraphrase,,,,
property,electionNumber,camelCase / RDF style,,,,
property,head of government of France,verbose paraphrase,,,,
property,foundingLocation,camelCase / RDF style,,,,
property,located next to the boundary stone,verbose paraphrase,,,,
property,part of speech,near-miss wording,,,,
property,COVID-19 cases,near-miss wording,,,,
property,located on the continent,near-miss wording,,,,
property,part of the Atlas of Hillforts,verbose paraphrase,,,,
property,iiifLink,camelCase / RDF style,,,,
property,position title,near-miss wording,,,,
entity,Mastodon (software),near-miss wording,,,,
property,electoralEventDate,camelCase / RDF style,,,,
property,minimum%20neutron%20count,near-miss wording,,,,
property,begin date,near-miss wording,,,,
property,current position holder,near-miss wording,,,,
property,located in the administrative territorial entity with main village,verbose paraphrase,,,,
property,lexicalCategory,camelCase / RDF style,,,,
entity,Drama school program,near-miss wording,,,,
property,has sense,near-miss wording,sense,drop leading is/has,P5137,item for this sense
property,first elected,near-miss wording,,,,
property,citationCount,camelCase / RDF style,,,,
property,term end,near-miss wording,,,,
property,cited work,near-miss wording,,,,
property,occurred on or before,near-miss wording,,,,
property,chessPlayer,camelCase / RDF style,,,,
property,coordinateLocation,camelCase / RDF style,coordinate location,split camelCase,P625,coordinate location
property,population total,near-miss wording,,,,
entity,Ordnance Survey Old Series preparatory drawing,verbose paraphrase,,,,
property,has Mastodon ID,qualified / suffixed name,,,,
property,inspiredBy,camelCase / RDF style,inspired by,split camelCase,P144,based on
property,pointInTime,camelCase / RDF style,point in time,split camelCase,P585,point in time
property,first spouse,near-miss wording,,,,
property,is depicted in,near-miss wording,,,,
property,English description,near-miss wording,,,,
property,located in the administrative territorial entity with capital,verbose paraphrase,,,,
property,has Twitter handle,near-miss wording,,,,
property,orbited_around,snake_case,,,,
property,occupationLabel,camelCase / RDF style,,,,
property,seed_used_in_orbit,snake_case,,,,
property,numberOfFatalities,camelCase / RDF style,number of fatalities,split camelCase,P1120,number of deaths
property,mentioned_in_Early_Modern_Letters_Online,snake_case,,,,
property,known value,near-miss wording,,,,
property,northing,near-miss wording,,,,
property,award given by,near-miss wording,,,,
property,sovereign country,near-miss wording,,,,
property,has mascot,near-miss wording,mascot,drop leading is/has,P822,mascot
property,nobelPrize,camelCase / RDF style,nobel prize,split camelCase,P3360,Nobel Prize People Nomination ID
property,Right Livelihood Award,near-miss wording,,,,
property,statue of,near-miss wording,,,,
property,located in the administrative territorial entity with administrative centre,verbose paraphrase,,,,
property,administrative territorial entity of,near-miss wording,,,,
property,is_a_license,snake_case,,,,
property,accusation of witchcraft,near-miss wording,,,,
property,object type,near-miss wording,,,,
property,significant occupation,near-miss wording,,,,
property,givenName,camelCase / RDF style,given name,split camelCase,P735,given name
property,located in the administrative territorial entity with seat,verbose paraphrase,,,,
entity,ScholarlyArticle,camelCase / RDF style,scholarly article,split camelCase,Q18918145,academic journal article
entity,Ashmolean Museum in Tokyo,near-miss wording,,,,
property,author taxon,near-miss wording,,,,
property,locatedInTheAdministrativeTerritoryWithODLSTCode,camelCase / RDF style,,,,
property,located in the administrative territorial subdivision of,verbose paraphrase,,,,
entity,Cleveland Museum of Art collection,verbose paraphrase,,,,
property,hasPresenceOnWebsite,camelCase / RDF style,,,,
property,musicalInstrument,camelCase / RDF style,,,,
property,lexeme included in,near-miss wording,,,,
property,acted in,near-miss wording,,,,
property,first-level subdivision of,near-miss wording,,,,
property,described as,near-miss wording,,,,
property,formatted as text,near-miss wording,,,,
property,has map,near-miss wording,,,,
property,mythical ancestor,near-miss wording,,,,
property,has Goodreads author,near-miss wording,Goodreads author,drop leading is/has,P2963,Goodreads author ID
property,isAbout,camelCase / RDF style,is about,split camelCase,P921,main subject
property,related to,near-miss wording,,,,
property,creation time,near-miss wording,,,,
property,conference environment,near-miss wording,,,,
entity,National Red Cross or Red Crescent Society,verbose paraphrase,,,,
property,mother death date,near-miss wording,,,,
property,recognised by,near-miss wording,,,,
property,had the following citizenship,near-miss wording,,,,
property,located on a waterbody,near-miss wording,,,,
property,age at death,near-miss wording,,,,
property,placeOfDeath,camelCase / RDF style,place of death,split camelCase,P20,place of death
property,in language,near-miss wording,,,,
property,has manufacturer or developer,near-miss wording,,,,
property,discoveredBy,camelCase / RDF style,discovered by,split camelCase,P61,discoverer or inventor
entity,James Bond (franchise),near-miss wording,James Bond,strip parenthetical,Q844,James Bond
property,tenure,near-miss wording,,,,
property,hasPart,camelCase / RDF style,has part,split camelCase,P527,has part(s)
property,dateOfDeath,camelCase / RDF style,date of death,split camelCase,P570,date of death
property,in region,near-miss wording,,,,
property,has instance feature,near-miss wording,,,,
property,position held in organization,near-miss wording,,,,
property,useOfOnlineAccount,camelCase / RDF style,,,,
property,era of establishment,near-miss wording,,,,
property,has eBird URL,qualified / suffixed name,,,,
property,has social media,near-miss wording,,,,
property,administeredRegion,camelCase / RDF style,,,,
property,term start,near-miss wording,,,,
entity,Dutch West India Company (WIC),verbose paraphrase,Dutch West India Company,strip parenthetical,Q617066,Dutch West India Company
property,located in the administrative territorial entity with main town,verbose paraphrase,,,,
property,has image,near-miss wording,image,drop leading is/has,P18,image
property,basedOn,camelCase / RDF style,based on,split camelCase,P144,based on
property,participated in election,near-miss wording,,,,
property,dateOfPublication,camelCase / RDF style,date of publication,split camelCase,P577,publication date
property,member of German Bundestag,near-miss wording,,,,
property,head of government title,near-miss wording,,,,
property,publication year,near-miss wording,,,,
property,ensembleName,camelCase / RDF style,,,,
entity,Administrative territorial entity subdivision,near-miss wording,,,,
property,hosts,near-miss wording,host,singularise (s),P371,presenter
entity,NFDI consortium,near-miss wording,,,,
property,located in the administrative territorial entity with main hamlet,verbose paraphrase,,,,
property,has sports team,near-miss wording,sports team,drop leading is/has,P54,member of sports team
property,foundedBy,camelCase / RDF style,,,,
property,located in the administrative territorial entity with main city,verbose paraphrase,,,,
property,Scottish Gaelic name,near-miss wording,,,,
property,has Atlas of Hillforts ID,verbose paraphrase,,,,
property,part of election,near-miss wording,,,,
property,significant date,near-miss wording,,,,
property,hasWikidataID,camelCase / RDF style,,,,
entity,Earth's Moon,near-miss wording,,,,
property,placeOfBirth,camelCase / RDF style,,,,
property,maximum%20neutron%20count,near-miss wording,,,,
entity,St_Raymond_Museum,snake_case,,,,
property,administrative division type,near-miss wording,,,,
property,sitelinks,near-miss wording,,,,
property,student population,near-miss wording,,,,
entity,Dutch East India Company (VOC),verbose paraphrase,Dutch East India Company,strip parenthetical,Q159766,Dutch East India Company
property,statisticalObservationYear,camelCase / RDF style,,,,
property,number of confirmed cases,near-miss wording,,,,
property,taxon named after,near-miss wording,,,,
property,number of actors,near-miss wording,,,,
property,cast member of,near-miss wording,,,,
property,is notable for,near-miss wording,notable for,drop leading is/has,P10606,notable role
property,accepted_by_NFDI,snake_case,,,,
property,hasWikiPage,camelCase / RDF style,,,,
property,electionType,camelCase / RDF style,,,,
property,electionYear,camelCase / RDF style,,,,
property,part of administrative territorial entity,verbose paraphrase,,,,
property,public transport mode,near-miss wording,,,,
property,has geo shape,near-miss wording,,,,
property,preserved at,near-miss wording,,,,
property,instrumentName,camelCase / RDF style,,,,
property,chemicalCompound,camelCase / RDF style,,,,
property,instanceOf,camelCase / RDF style,instance of,split camelCase,P31,instance of
property,language of pronoun,near-miss wording,,,,
property,inventoryNumber,camelCase / RDF style,inventory number,split camelCase,P217,inventory number
property,countryOfCitizenship,camelCase / RDF style,country of citizenship,split camelCase,P27,country of citizenship
property,countryOfEndemicity,camelCase / RDF style,,,,
entity,Wikisource item,near-miss wording,,,,
entity,Swedish Academy Dictionary,near-miss wording,,,,
property,has size,near-miss wording,size,drop leading is/has,P2048,height
property,open access link,near-miss wording,,,,
property,sacred to,near-miss wording,,,,
property,treatment for,near-miss wording,,,,
property,WikibaseProperty,camelCase / RDF style,,,,
property,has coordinates,near-miss wording,,,,
property,educational program,near-miss wording,,,,
property,official name in native language,verbose paraphrase,,,,
property,common name in English,near-miss wording,,,,
property,located in the administrative territorial entity with largest settlement,verbose paraphrase,,,,
property,Welsh Wikipedia article,near-miss wording,,,,
property,hasTwitterUsername,camelCase / RDF style,,,,
property,has API endpoint URL,qualified / suffixed name,,,,
property,number of characters,near-miss wording,,,,
property,fundingProgram,camelCase / RDF style,,,,
entity,2021 Czech parliamentary election,near-miss wording,,,,
property,annual passenger count,near-miss wording,,,,
property,member of the UK Parliament,verbose paraphrase,,,,
property,drivingSide,camelCase / RDF style,driving side,split camelCase,P1622,driving side
property,English name for nationality,near-miss wording,,,,
entity,Top inner corner of a national flag,verbose paraphrase,,,,
property,has English Wikipedia URL,qualified / suffixed name,,,,
property,electionDate,camelCase / RDF style,,,,
property,performedIn,camelCase / RDF style,,,,
property,foundingDate,camelCase / RDF style,,,,
property,astrological sign,near-miss wording,,,,
property,land tripoint,near-miss wording,,,,
property,has official language,near-miss wording,,,,
entity,Creative Commons NoDerivatives,near-miss wording,,,,
property,grammaticalFeature,camelCase / RDF style,,,,
property,notInSvenskaAkademiensOrdbok,camelCase / RDF style,,,,
property,has vaccine clinical trial phase,verbose paraphrase,,,,
property,lexeme count,near-miss wording,,,,
entity,ChemicalCompound,camelCase / RDF style,chemical compound,split camelCase,Q11173,chemical compound
property,hasIncumbent,camelCase / RDF style,,,,
property,populationTotal,camelCase / RDF style,,,,
property,fundingBody,camelCase / RDF style,,,,
property,thumbnail,near-miss wording,,,,
property,musicalGenre,camelCase / RDF style,,,,
property,approximate value,near-miss wording,,,,
property,has value,near-miss wording,,,,
property,United Nations member,near-miss wording,,,,
property,officialLanguage,camelCase / RDF style,,,,
property,number of actors who studied at RADA,verbose paraphrase,,,,
property,holding library,near-miss wording,,,,
property,has SPARQL endpoint,near-miss wording,,,,
property,name in language,near-miss wording,,,,
entity,St. Jakobus church in Pesterwitz,verbose paraphrase,,,,
property,population estimate,near-miss wording,,,,
property,border with administrative territorial entity,verbose paraphrase,,,,
property,legalForm,camelCase / RDF style,legal form,split camelCase,P1454,legal form
property,officialWebsite,camelCase / RDF style,official website,split camelCase,P856,official website
property,mainTopic,camelCase / RDF style,main topic,split camelCase,P921,main subject
property,heritage_site,snake_case,,,,
property,distance to,near-miss wording,,,,
property,count in titles,near-miss wording,,,,
property,location country,near-miss wording,,,,
property,numberOfOccurrences,camelCase / RDF style,number of occurrences,split camelCase,P1603,number of cases
property,numberOfImages,camelCase / RDF style,,,,
property,usedBy,camelCase / RDF style,,,,
property,number of lexemes,near-miss wording,,,,
property,located in the administrative territorial entity with principal settlement,verbose paraphrase,,,,
property,monarchOf,camelCase / RDF style,,,,
property,has AOU checklist ID,qualified / suffixed name,,,,
property,has Mastodon account,near-miss wording,,,,
property,hasSense,camelCase / RDF style,,,,
property,award given for,near-miss wording,,,,
entity,distance to location,near-miss wording,,,,
property,has vote share,near-miss wording,,,,
property,positionHeld,camelCase / RDF style,position held,split camelCase,P39,position held
property,repetitive,near-miss wording,,,,
property,wikiPageWikiLink,camelCase / RDF style,,,,
property,electionName,camelCase / RDF style,,,,
