index,complexity,gold_executed,gold_error,gold_result_count
0,simple,True,,1
1,simple,True,,64
2,simple,True,,110
3,simple,True,,405
4,simple,True,,2844
5,simple,True,,7
6,simple,True,,9
7,simple,True,,6159
8,simple,True,,316
9,simple,True,,5697
10,simple,True,,28
11,simple,True,,460
12,simple,True,,138
13,simple,True,,574
14,simple,True,,2893
15,simple,True,,23
16,simple,True,,706
17,simple,True,,522
18,simple,True,,3674
19,simple,True,,0
20,simple,True,,168
21,simple,True,,0
22,simple,True,,174
23,simple,True,,0
24,simple,True,,375
25,simple,True,,3555
26,simple,True,,706
27,simple,True,,13
28,simple,True,,1
29,simple,True,,240
30,simple,True,,17579
31,simple,True,,50151
32,simple,True,,38
33,simple,True,,3
34,simple,True,,19958
35,simple,True,,18
36,simple,True,,56
37,simple,True,,1082
38,medium,True,,104
39,medium,True,,581
40,medium,True,,107
41,medium,True,,340
42,medium,True,,95
43,medium,True,,519
44,medium,True,,24466
45,medium,True,,41
46,medium,True,,883
47,medium,True,,82
48,medium,True,,218
49,medium,True,,60
50,medium,True,,1856
51,medium,True,,0
52,medium,True,,1087
53,medium,True,,1562
54,medium,True,,527
55,medium,True,,1
56,medium,True,,26
57,medium,True,,56
58,medium,True,,135
59,medium,True,,139
60,medium,True,,1
61,medium,True,,10
62,medium,True,,1740
63,medium,True,,52
64,medium,False,http_500,0
65,medium,True,,523
66,medium,True,,6003
67,medium,True,,2253
68,medium,True,,156
69,medium,True,,153
70,medium,True,,1168
71,medium,True,,475
72,medium,True,,14
73,medium,True,,29841
74,medium,True,,179
75,medium,True,,207
76,medium,True,,7501
77,medium,True,,224
78,medium,True,,35482
79,medium,True,,849
80,medium,True,,199279
81,medium,True,,22
82,medium,True,,1660
83,medium,True,,169
84,medium,True,,374
85,medium,True,,39007
86,medium,True,,10494
87,medium,True,,1
88,medium,True,,4
89,medium,True,,1
90,medium,True,,9285
91,medium,True,,0
92,medium,True,,106
93,medium,True,,799
94,medium,True,,1219
95,medium,True,,1104
96,medium,True,,233
97,medium,True,,33314
98,medium,True,,494
99,medium,False,timeout,0
100,medium,True,,13
101,medium,True,,784
102,medium,True,,0
103,medium,True,,80
104,medium,True,,7928
105,medium,False,http_400,0
106,medium,True,,2
107,medium,True,,28
108,medium,True,,110
109,medium,True,,26284
110,medium,True,,1619
111,medium,True,,50
112,medium,True,,108
113,medium,True,,6509
114,medium,True,,309
115,medium,True,,14343
116,medium,True,,1832
117,medium,True,,942
118,medium,True,,26
119,medium,True,,0
120,medium,True,,166
121,medium,False,http_400,0
122,medium,True,,150
123,medium,True,,71
124,medium,True,,153
125,medium,True,,85
126,medium,True,,17
127,medium,True,,32
128,medium,True,,5185
129,medium,True,,357
130,medium,True,,1300
131,medium,True,,91
132,medium,True,,7219
133,medium,True,,0
134,medium,True,,1514
135,medium,False,timeout,0
136,medium,True,,99
137,medium,True,,170
138,medium,False,http_400,0
139,medium,True,,176
140,medium,True,,2801
141,medium,True,,7172
142,medium,True,,0
143,medium,True,,278
144,medium,True,,22
145,medium,True,,1
146,medium,True,,18522
147,medium,True,,461
148,medium,True,,95
149,medium,True,,0
150,medium,True,,3473
151,medium,True,,192
152,medium,True,,310
153,medium,True,,26
154,medium,True,,1265
155,medium,True,,17881
156,medium,True,,1750
157,medium,False,timeout,0
158,medium,True,,236
159,medium,True,,1
160,medium,True,,6
161,medium,True,,0
162,medium,True,,45
163,medium,True,,9182
164,medium,True,,25
165,medium,True,,695
166,medium,False,http_400,0
167,medium,True,,986
168,medium,True,,155
169,medium,True,,519
170,medium,True,,0
171,medium,True,,928
172,medium,True,,500
173,medium,True,,1308
174,medium,True,,681
175,medium,True,,29813
176,medium,True,,2958
177,medium,True,,6
178,medium,True,,4193
179,medium,True,,1248
180,medium,True,,0
181,medium,True,,4968
182,medium,True,,24
183,medium,True,,500
184,medium,True,,49
185,medium,True,,1283
186,medium,True,,100
187,medium,True,,656
188,medium,True,,98
189,medium,True,,296
190,medium,True,,761
191,medium,True,,7
192,medium,True,,1154
193,medium,True,,112
194,medium,True,,273
195,medium,True,,1598
196,medium,True,,0
197,medium,True,,1532
198,medium,True,,330990
199,medium,True,,1
200,medium,True,,2394
201,medium,True,,28
202,medium,True,,103
203,medium,True,,61642
204,medium,True,,548
205,medium,True,,1976
206,medium,True,,434
207,medium,True,,1
208,medium,True,,102
209,medium,True,,202
210,medium,True,,4793
211,medium,True,,4165
212,medium,True,,640
213,medium,True,,2059
214,medium,True,,20
215,medium,True,,771
216,medium,True,,27
217,medium,True,,7997
218,medium,True,,783
219,medium,True,,98
220,medium,True,,808
221,medium,True,,19
222,medium,True,,310
223,medium,True,,682
224,medium,True,,32
225,medium,True,,76560
226,medium,True,,71
227,medium,True,,429
228,medium,True,,1
229,medium,True,,0
230,medium,True,,0
231,medium,True,,229
232,medium,True,,103
233,medium,True,,4970
234,medium,True,,5528
235,medium,True,,162
236,medium,True,,69
237,medium,True,,0
238,medium,True,,1
239,medium,True,,685
240,medium,False,http_400,0
241,medium,False,timeout,0
242,medium,True,,0
243,medium,True,,125
244,medium,True,,6
245,medium,True,,0
246,medium,True,,76
247,medium,True,,50
248,medium,True,,23
249,medium,True,,950
250,medium,True,,627
251,medium,False,http_500,0
252,medium,True,,109
253,medium,True,,5
254,medium,True,,10
255,medium,True,,160
256,medium,True,,0
257,medium,True,,51
258,medium,True,,316
259,medium,True,,19850
260,complex,True,,424
261,complex,True,,158
262,complex,True,,250624
263,complex,False,http_500,0
264,complex,True,,2702
265,complex,False,http_400,0
266,complex,False,http_400,0
267,complex,True,,0
268,complex,True,,473
269,complex,False,http_400,0
270,complex,True,,746
271,complex,True,,367
272,complex,True,,16
273,complex,True,,0
274,complex,True,,1843
275,complex,True,,0
276,complex,True,,69
277,complex,False,http_400,0
278,complex,True,,4950
279,complex,False,http_400,0
280,complex,False,http_400,0
281,complex,True,,20
282,complex,False,timeout,0
283,complex,True,,0
284,complex,False,http_400,0
285,complex,False,http_400,0
286,complex,True,,450
287,complex,True,,0
288,complex,True,,0
289,complex,True,,705
290,complex,False,http_400,0
291,complex,False,http_400,0
292,complex,False,http_400,0
293,complex,True,,0
294,complex,True,,109
295,complex,False,http_400,0
296,complex,True,,7454
297,complex,True,,1053
298,complex,False,http_400,0
299,complex,True,,138
300,complex,True,,218
301,complex,False,http_400,0
302,complex,True,,482
303,complex,False,http_400,0
304,complex,True,,4638
305,complex,True,,10429
306,complex,True,,0
307,complex,False,http_400,0
308,complex,False,http_400,0
309,complex,True,,9509
310,complex,True,,1453
311,complex,True,,19
312,complex,False,http_400,0
313,complex,True,,0
314,complex,True,,310
315,complex,True,,4
316,complex,False,http_400,0
317,complex,True,,622
318,complex,True,,315
319,complex,True,,42695
320,complex,True,,54
321,complex,True,,1
322,complex,True,,50
323,complex,False,http_400,0
324,complex,True,,1194
325,complex,True,,1033
326,complex,True,,0
327,complex,False,http_400,0
328,complex,False,http_400,0
329,complex,True,,192
330,complex,True,,0
331,complex,False,timeout,0
332,complex,True,,1
333,complex,True,,194
334,complex,True,,1
335,complex,True,,139
336,complex,False,timeout,0
337,complex,True,,6950
338,complex,True,,1129
339,complex,False,http_400,0
340,complex,True,,76
341,complex,False,http_400,0
342,complex,False,http_400,0
343,complex,True,,0
344,complex,True,,0
345,complex,False,http_400,0
346,complex,True,,0
347,complex,True,,2
348,complex,True,,16794
349,complex,False,http_500,0
350,complex,True,,14
351,complex,True,,17949
352,complex,True,,371273
353,complex,False,http_500,0
354,complex,True,,25
355,complex,False,http_400,0
356,complex,True,,0
357,complex,True,,187
358,complex,True,,1359
359,complex,True,,45
360,complex,False,http_500,0
361,complex,True,,17949
362,complex,True,,770
363,complex,True,,1
364,complex,True,,0
365,complex,False,http_400,0
366,complex,True,,94
367,complex,True,,4613
368,complex,True,,38
369,complex,True,,5
370,complex,True,,450
371,complex,True,,391
372,complex,False,http_400,0
373,complex,True,,486
374,complex,True,,41684
375,complex,True,,77
376,complex,True,,160
377,complex,False,http_500,0
378,complex,False,http_500,0
379,complex,True,,113
380,complex,True,,353
381,complex,True,,21
382,complex,True,,4885
383,complex,False,http_400,0
384,complex,True,,0
385,complex,True,,24
386,complex,False,http_400,0
387,complex,True,,13996
388,complex,False,http_400,0
389,complex,True,,405
390,complex,True,,0
391,complex,False,http_400,0
392,complex,True,,70
393,complex,False,http_400,0
394,complex,True,,19840
395,complex,False,http_400,0
396,complex,False,http_400,0
397,complex,True,,2702
398,complex,True,,295
399,complex,True,,199
400,complex,True,,16525
401,complex,True,,27
402,complex,False,http_400,0
403,complex,True,,7674
404,complex,True,,235
405,complex,True,,12232
406,complex,True,,26581
407,complex,True,,69
408,complex,True,,0
409,complex,True,,337
410,complex,True,,0
411,complex,True,,134
412,complex,True,,40
413,complex,True,,3496
414,complex,False,http_400,0
415,complex,True,,340
416,complex,False,http_500,0
417,complex,True,,13160
418,complex,False,http_400,0
419,complex,True,,40
420,complex,True,,25
421,complex,True,,101
422,complex,True,,2
423,complex,False,http_400,0
424,complex,True,,1
425,complex,False,http_400,0
426,complex,True,,1
427,complex,True,,0
428,complex,True,,682
429,complex,True,,326
430,complex,True,,8
431,complex,True,,533
432,complex,False,http_400,0
433,complex,True,,4
434,complex,True,,226
435,complex,True,,0
436,complex,True,,198
437,complex,False,http_500,0
438,complex,True,,0
439,complex,True,,247
440,complex,True,,0
441,complex,True,,56
442,complex,True,,243
443,complex,True,,6950
444,complex,False,http_400,0
445,complex,False,http_400,0
446,complex,False,http_400,0
447,complex,True,,107
448,complex,False,http_500,0
449,complex,True,,35
450,complex,True,,0
451,complex,True,,1794
452,complex,True,,4501
453,complex,True,,12996
454,complex,False,http_400,0
455,complex,True,,0
456,complex,False,http_400,0
457,complex,True,,16099
458,complex,False,http_500,0
459,complex,False,http_400,0
460,complex,False,http_500,0
461,complex,False,http_400,0
462,complex,False,http_400,0
463,complex,False,http_400,0
464,complex,True,,208
465,complex,False,http_500,0
466,complex,False,http_400,0
467,complex,True,,205881
468,complex,False,http_500,0
469,complex,True,,137
470,complex,True,,66
471,complex,True,,167
472,complex,True,,459
473,complex,True,,23
474,complex,True,,153
475,complex,True,,914604
476,complex,False,http_400,0
477,complex,True,,12
478,complex,True,,1
479,complex,True,,340
480,complex,True,,262
481,complex,True,,0
482,complex,False,http_400,0
483,complex,False,http_400,0
484,complex,True,,174
485,complex,True,,0
486,complex,True,,68
487,complex,True,,1808
488,complex,True,,619
489,complex,True,,304
490,complex,False,http_500,0
491,complex,True,,159
492,complex,True,,1316
493,complex,True,,0
494,complex,True,,1
495,complex,False,timeout,0
496,complex,True,,1554
497,complex,True,,199
498,complex,False,timeout,0
499,complex,False,http_400,0
500,complex,True,,271
501,complex,True,,211
502,complex,False,http_400,0
503,complex,True,,1101
504,complex,False,http_500,0
505,complex,False,http_400,0
506,complex,True,,4
507,complex,False,http_400,0
508,complex,True,,918
509,complex,True,,657
510,complex,True,,21963
511,complex,False,http_400,0
512,complex,True,,0
513,complex,False,http_400,0
514,complex,False,http_500,0
515,complex,True,,223484
516,complex,True,,2240
517,complex,True,,5
518,complex,False,timeout,0
519,complex,False,http_400,0
520,complex,True,,32821
521,complex,True,,866
522,complex,True,,4797
523,complex,True,,0
524,complex,True,,38
525,complex,False,http_400,0
526,complex,True,,520
527,complex,True,,0
528,complex,False,http_400,0
529,complex,True,,0
530,complex,False,http_400,0
531,complex,True,,1156
532,complex,True,,209
533,complex,True,,1
534,complex,False,timeout,0
535,complex,True,,0
536,complex,True,,263
537,complex,True,,19872
538,complex,True,,0
539,complex,True,,354
540,complex,False,http_400,0
541,complex,True,,0
542,complex,False,http_400,0
543,complex,True,,5792
544,complex,False,http_500,0
545,complex,True,,49176
546,complex,False,http_400,0
547,complex,True,,170
548,complex,False,http_400,0
549,complex,True,,136
550,complex,True,,31
551,complex,False,http_400,0
552,complex,False,http_400,0
553,complex,False,http_400,0
554,complex,True,,340
555,complex,True,,38
556,complex,False,http_500,0
557,complex,True,,1
558,complex,True,,259
559,complex,True,,38
560,complex,True,,567
561,complex,True,,20
562,complex,False,http_400,0
563,complex,True,,995
564,complex,False,http_400,0
565,complex,True,,293
566,complex,False,http_400,0
