row,verdict
452,no
325,yes
134,yes
144,yes
125,yes
38,yes
408,no
89,no
169,yes
23,no
373,yes
115,yes
382,yes
126,no
494,no
455,no
393,no
46,yes
458,no
505,no
167,yes
268,yes
220,yes
168,yes
511,no
302,yes
16,yes
391,yes
215,yes
329,yes
484,no
29,yes
422,no
238,no
396,yes
293,no
8,yes
460,yes
361,yes
507,yes
513,no
402,no
550,yes
161,no
564,no
223,yes
109,yes
171,no
532,no
547,yes
232,yes
260,yes
183,yes
276,no
147,yes
59,yes
326,no
117,no
555,yes
229,no
508,yes
533,yes
557,no
37,yes
135,yes
360,no
463,no
159,no
45,yes
482,no
286,yes
145,no
529,no
2,yes
273,no
67,yes
0,yes
424,no
420,yes
318,yes
