row_id,complexity,fully_linked,executed,exec_error,jaccard_pooled,jaccard_entity
0,simple,True,True,,1.0,na
1,simple,True,True,,0.0,na
2,simple,True,True,,0.5,1.0
3,simple,True,True,,0.4726,0.0
4,simple,True,True,,0.0007,0.0015
5,simple,True,True,,1.0,1.0
6,simple,True,True,,0.0,na
7,simple,True,True,,0.0949,0.1346
8,simple,True,False,result_too_large,0.0,0.0
9,simple,True,True,,0.0099,0.0197
10,simple,True,True,,0.3333,0.4783
11,simple,True,True,,0.39,0.3806
12,simple,True,True,,0.0099,0.01
13,simple,True,True,,1.0,1.0
14,simple,True,True,,0.0,0.0
15,simple,True,True,,0.0,0.0
16,simple,False,False,not_linked,0.0,0.0
17,simple,True,True,,0.0,0.0
18,simple,True,True,,0.6973,0.0
19,simple,True,True,,0.0,0.0
20,simple,True,True,,0.0585,0.1163
21,simple,True,True,,0.0,0.0
22,simple,True,True,,0.212,0.2126
23,simple,True,True,,1.0,na
24,simple,True,True,,0.1081,0.106
25,simple,True,True,,0.0327,0.0719
26,simple,True,True,,0.3359,0.5057
27,simple,True,True,,1.0,1.0
28,simple,True,True,,0.0,0.0
29,simple,True,True,,0.0,0.0
30,simple,True,True,,0.0002,0.0002
31,simple,True,True,,0.9996,0.9995
32,simple,True,True,,0.0104,0.0198
33,simple,True,True,,0.0,na
34,simple,True,True,,1.0,1.0
35,simple,True,True,,0.0,0.0
36,simple,True,True,,0.0,0.0
37,simple,True,True,,0.9991,1.0
38,medium,True,True,,0.6792,0.809
39,medium,True,True,,0.0344,0.0307
40,medium,True,True,,0.0,0.0
41,medium,True,True,,0.288,0.3228
42,medium,True,True,,0.5828,0.8333
43,medium,True,True,,0.0,0.0
44,medium,True,True,,0.0047,0.0092
45,medium,True,True,,0.0,0.0
46,medium,True,True,,0.0,0.0
47,medium,True,True,,0.08,0.08
48,medium,True,True,,0.0092,0.0235
49,medium,True,True,,0.0,0.0
50,medium,True,True,,0.5532,0.7515
51,medium,True,True,,1.0,na
52,medium,True,True,,0.402,0.519
53,medium,True,True,,0.3758,0.73
54,medium,True,True,,0.0,0.0
55,medium,True,True,,0.0,0.0
56,medium,False,False,not_linked,0.0,0.0
57,medium,True,True,,0.1274,0.155
58,medium,True,True,,0.4222,0.9344
59,medium,True,True,,0.6763,0.6763
60,medium,True,True,,0.1429,0.1429
61,medium,False,False,not_linked,0.0,0.0
62,medium,True,True,,0.9983,0.9966
63,medium,True,True,,0.0,0.0
64,medium,True,False,http_500,0.0,0.0
65,medium,True,True,,0.036,0.0746
66,medium,True,True,,0.0005,0.0002
67,medium,True,True,,0.0475,0.0801
68,medium,True,True,,0.0,0.0
69,medium,True,True,,0.0,0.0
70,medium,True,True,,1.0,na
71,medium,True,True,,0.9474,0.9474
72,medium,True,True,,0.0,0.0
73,medium,True,True,,0.0004,0.0008
74,medium,True,True,,0.6462,0.6135
75,medium,True,True,,1.0,1.0
76,medium,True,True,,0.8295,0.9432
77,medium,True,True,,0.8571,0.869
78,medium,True,True,,0.2869,0.2078
79,medium,True,True,,0.7597,0.5984
80,medium,True,True,,0.4452,1.0
81,medium,True,True,,0.0455,0.1429
82,medium,True,True,,0.4669,0.9672
83,medium,True,True,,0.0,0.0
84,medium,True,True,,0.7974,0.6935
85,medium,True,True,,0.0,0.0
86,medium,True,True,,0.6921,na
87,medium,True,True,,0.0,na
88,medium,True,True,,0.0,0.0
89,medium,True,True,,0.0,0.0
90,medium,True,True,,0.4717,0.4443
91,medium,True,True,,0.0,0.0
92,medium,True,True,,0.0798,0.0814
93,medium,True,True,,0.0,0.0
94,medium,True,True,,0.0,0.0
95,medium,False,False,not_linked,0.0,0.0
96,medium,True,True,,0.0848,0.0849
97,medium,True,True,,0.0028,0.0046
98,medium,True,True,,0.0,0.0
99,medium,True,True,,0.0,0.0
100,medium,True,True,,0.4615,0.4615
101,medium,True,True,,0.0,na
102,medium,True,True,,0.0,0.0
103,medium,True,True,,0.0463,0.0467
104,medium,True,True,,0.4368,0.4369
105,medium,True,True,,0.0,na
106,medium,True,False,http_400,0.0,0.0
107,medium,True,True,,0.0002,0.0003
108,medium,True,True,,0.1182,0.0943
109,medium,True,True,,0.5,na
110,medium,True,True,,0.0,0.0
111,medium,True,True,,0.0,0.0
112,medium,True,True,,0.6667,1.0
113,medium,True,True,,0.367,0.509
114,medium,True,True,,0.7806,0.9918
115,medium,True,True,,0.3575,0.4085
116,medium,True,True,,0.013,0.0508
117,medium,True,True,,0.0127,0.0138
118,medium,True,True,,0.2222,0.4615
119,medium,True,True,,0.0,0.0
120,medium,True,True,,0.0,0.0
121,medium,True,True,,0.0,0.0
122,medium,True,True,,0.0,0.0
123,medium,True,True,,0.0193,0.0123
124,medium,True,True,,0.0745,0.0943
125,medium,True,True,,0.8218,0.8925
126,medium,True,True,,0.0,0.0
127,medium,True,True,,1.0,1.0
128,medium,True,True,,0.0,0.0
129,medium,True,True,,0.0,0.0
130,medium,True,True,,0.5015,1.0
131,medium,True,True,,0.0284,0.0309
132,medium,True,True,,0.0005,0.0006
133,medium,True,True,,0.0,0.0
134,medium,True,True,,0.0,0.0
135,medium,False,False,not_linked,0.0,0.0
136,medium,False,False,not_linked,0.0,0.0
137,medium,True,True,,0.0501,na
138,medium,True,False,result_too_large,0.0,0.0
139,medium,True,True,,0.1818,0.3596
140,medium,True,True,,0.0321,0.0317
141,medium,True,True,,0.4936,0.9795
142,medium,True,True,,1.0,na
143,medium,True,True,,0.0072,0.0145
144,medium,True,True,,0.0,0.0
145,medium,True,True,,0.0,na
146,medium,True,True,,0.9565,0.9539
147,medium,True,True,,0.2165,0.3115
148,medium,True,True,,0.126,1.0
149,medium,True,True,,0.0,0.0
150,medium,True,True,,0.4462,0.7032
151,medium,True,True,,0.0,0.0
152,medium,True,True,,0.0,na
153,medium,True,True,,0.5,0.0
154,medium,True,True,,0.0441,0.0304
155,medium,False,False,not_linked,0.0,0.0
156,medium,True,False,result_too_large,0.0,0.0
157,medium,True,True,,0.0,0.0
158,medium,True,True,,1.0,1.0
159,medium,True,True,,0.0,0.0
160,medium,True,True,,1.0,1.0
161,medium,True,False,timeout,0.0,0.0
162,medium,True,False,result_too_large,0.0,0.0
163,medium,True,True,,0.7438,0.7441
164,medium,True,True,,0.0,0.0
165,medium,True,True,,0.0,na
166,medium,True,True,,0.0,0.0
167,medium,True,True,,0.0,0.0
168,medium,True,True,,0.7049,0.7905
169,medium,True,False,http_400,0.0,0.0
170,medium,True,True,,1.0,na
171,medium,True,True,,0.0,0.0
172,medium,True,True,,0.0,0.0
173,medium,True,True,,0.0,0.0
174,medium,True,True,,0.6776,0.6776
175,medium,True,False,result_too_large,0.0,0.0
176,medium,True,True,,0.1494,0.1628
177,medium,True,True,,0.0,0.0
178,medium,True,True,,0.9981,0.9971
179,medium,True,True,,0.6153,0.9909
180,medium,True,True,,0.0,0.0
181,medium,True,True,,0.003,0.003
182,medium,True,True,,0.1667,0.1667
183,medium,True,True,,0.0,0.0
184,medium,True,True,,0.1224,0.1224
185,medium,True,True,,0.4997,1.0
186,medium,True,True,,1.0,1.0
187,medium,True,True,,0.7866,0.7866
188,medium,True,True,,0.0141,0.0191
189,medium,True,True,,0.3615,1.0
190,medium,False,False,not_linked,0.0,0.0
191,medium,True,True,,1.0,1.0
192,medium,True,False,http_400,0.0,0.0
193,medium,True,True,,0.0,0.0
194,medium,True,True,,0.5824,0.799
195,medium,True,True,,1.0,1.0
196,medium,False,False,not_linked,0.0,0.0
197,medium,True,True,,0.0007,0.001
198,medium,True,True,,0.1896,0.2678
199,medium,True,True,,0.0,0.0
200,medium,True,True,,0.977,1.0
201,medium,True,False,http_400,0.0,0.0
202,medium,True,True,,0.0,0.0
203,medium,False,False,not_linked,0.0,0.0
204,medium,True,True,,0.6494,0.8271
205,medium,True,True,,0.2117,0.0
206,medium,False,False,not_linked,0.0,0.0
207,medium,True,True,,0.1429,0.1429
208,medium,True,True,,0.0,0.0
209,medium,True,True,,0.0,0.0
210,medium,True,True,,0.5987,0.8472
211,medium,True,True,,0.7097,1.0
212,medium,True,True,,0.0,0.0
213,medium,True,True,,0.3053,0.351
214,medium,True,True,,0.0,0.0
215,medium,True,True,,0.4206,0.8282
216,medium,True,True,,0.0,0.0
217,medium,True,True,,0.4884,0.4884
218,medium,True,True,,0.0237,0.0237
219,medium,True,True,,0.8367,0.988
220,medium,True,True,,0.0,0.0
221,medium,True,True,,0.0577,0.1111
222,medium,True,True,,0.5581,0.9943
223,medium,True,True,,0.9575,0.9575
224,medium,True,True,,0.0,0.0
225,medium,True,True,,0.9044,0.9252
226,medium,True,True,,0.0782,0.0856
227,medium,True,True,,0.0186,0.0116
228,medium,True,True,,0.0,0.0
229,medium,True,True,,0.0,0.0
230,medium,True,True,,0.0,na
231,medium,True,True,,0.0,0.0
232,medium,True,True,,0.0566,0.0566
233,medium,True,True,,0.2426,0.0
234,medium,True,True,,0.0,0.0
235,medium,True,True,,0.0141,0.0151
236,medium,True,True,,0.2857,0.4167
237,medium,True,True,,0.0,0.0
238,medium,True,True,,0.0,0.0
239,medium,True,True,,0.2351,0.2142
240,medium,True,True,,0.0,na
241,medium,True,True,,0.0,0.0
242,medium,True,True,,1.0,na
243,medium,True,True,,0.72,0.5625
244,medium,True,True,,0.1111,0.1429
245,medium,True,True,,0.0,0.0
246,medium,True,True,,0.0,0.0
247,medium,True,True,,0.0,0.0
248,medium,True,True,,0.087,0.087
249,medium,True,True,,0.7705,1.0
250,medium,True,True,,0.5423,0.5423
251,medium,True,True,,0.0,0.0
252,medium,True,True,,0.3211,0.6364
253,medium,True,True,,0.0056,0.0047
254,medium,True,True,,0.0392,0.0408
255,medium,True,True,,0.0,0.0
256,medium,True,True,,0.0,0.0
257,medium,True,True,,0.0192,na
258,medium,True,True,,0.9558,0.9942
259,medium,True,True,,0.614,1.0
260,complex,True,True,,0.0,0.0
261,complex,True,True,,0.0,na
262,complex,True,True,,0.5371,0.996
263,complex,True,True,,0.0,0.0
264,complex,True,True,,0.0,0.0
265,complex,True,True,,0.0,0.0
266,complex,True,False,timeout,0.0,0.0
267,complex,True,False,result_too_large,0.0,0.0
268,complex,True,True,,0.0,0.0
269,complex,False,False,not_linked,0.0,0.0
270,complex,True,True,,1.0,na
271,complex,True,True,,0.0563,0.0211
272,complex,True,True,,0.0002,0.0003
273,complex,True,True,,0.0,na
274,complex,True,True,,0.6796,0.6546
275,complex,True,True,,0.0,0.0
276,complex,True,True,,0.0,na
277,complex,True,True,,0.0,0.0
278,complex,True,True,,0.0012,0.0024
279,complex,True,True,,0.0,0.0
280,complex,False,False,not_linked,0.0,0.0
281,complex,False,False,not_linked,0.0,0.0
282,complex,True,True,,0.0,na
283,complex,True,True,,0.0,0.0
284,complex,True,True,,0.0,0.0
285,complex,True,True,,0.0,0.0
286,complex,True,True,,0.0,0.0
287,complex,True,True,,1.0,na
288,complex,True,True,,0.0,0.0
289,complex,True,True,,0.0084,0.0167
290,complex,True,True,,0.0,0.0
291,complex,True,True,,0.0,0.0
292,complex,True,True,,1.0,na
293,complex,True,True,,1.0,na
294,complex,True,True,,0.0252,0.0
295,complex,True,True,,0.0,na
296,complex,True,True,,0.0,0.0
297,complex,True,True,,0.3605,0.4079
298,complex,True,True,,0.0,0.0
299,complex,True,True,,0.0,0.0
300,complex,True,True,,0.0293,0.0102
301,complex,True,True,,0.0,0.0
302,complex,True,True,,0.0625,0.0
303,complex,True,True,,0.0,0.0
304,complex,True,True,,0.0065,0.0065
305,complex,True,True,,0.0493,0.0712
306,complex,True,True,,0.0,0.0
307,complex,False,False,not_linked,0.0,0.0
308,complex,True,True,,0.0,0.0
309,complex,True,True,,0.9707,1.0
310,complex,True,True,,0.1473,0.1473
311,complex,True,True,,0.0824,0.0946
312,complex,True,True,,0.0,0.0
313,complex,False,False,not_linked,0.0,0.0
314,complex,True,True,,0.0097,0.0216
315,complex,True,True,,0.0,0.0
316,complex,False,False,not_linked,0.0,0.0
317,complex,True,True,,0.0317,0.0319
318,complex,True,True,,0.0603,0.0339
319,complex,True,True,,0.0,0.0
320,complex,True,True,,0.0,na
321,complex,True,True,,1.0,1.0
322,complex,True,True,,0.0,na
323,complex,True,False,http_400,0.0,0.0
324,complex,True,True,,0.0875,0.096
325,complex,True,True,,0.0,0.0
326,complex,True,False,result_too_large,0.0,0.0
327,complex,True,True,,1.0,na
328,complex,True,True,,0.0,0.0
329,complex,False,False,not_linked,0.0,0.0
330,complex,True,True,,1.0,na
331,complex,True,True,,0.0,0.0
332,complex,True,True,,0.0,0.0
333,complex,True,True,,0.2423,0.7679
334,complex,True,True,,0.0,na
335,complex,True,True,,0.4552,1.0
336,complex,True,False,timeout,0.0,0.0
337,complex,True,True,,0.0,0.0
338,complex,False,False,not_linked,0.0,0.0
339,complex,True,True,,0.0,0.0
340,complex,True,True,,0.0506,0.129
341,complex,True,False,http_400,0.0,0.0
342,complex,True,True,,0.0,0.0
343,complex,True,True,,0.0,0.0
344,complex,True,True,,1.0,na
345,complex,True,True,,1.0,na
346,complex,True,True,,1.0,na
347,complex,True,True,,0.0,na
348,complex,True,True,,0.1711,0.1835
349,complex,True,True,,1.0,na
350,complex,True,True,,0.0,0.0
351,complex,True,True,,0.4526,0.6851
352,complex,True,True,,0.0,0.0
353,complex,True,True,,0.0,0.0
354,complex,True,True,,0.0,0.0
355,complex,True,True,,0.0,0.0
356,complex,True,True,,0.0,0.0
357,complex,True,True,,0.0,0.0
358,complex,True,True,,0.0079,0.0088
359,complex,False,False,not_linked,0.0,0.0
360,complex,True,True,,0.0,0.0
361,complex,True,True,,0.3139,0.6325
362,complex,True,True,,0.0,0.0
363,complex,True,True,,0.0,0.0
364,complex,True,True,,1.0,na
365,complex,True,True,,0.0,0.0
366,complex,True,True,,0.0712,0.0736
367,complex,True,True,,0.1539,0.1757
368,complex,True,True,,0.0,na
369,complex,True,True,,0.0,0.0
370,complex,True,True,,0.0,0.0
371,complex,True,True,,0.9974,1.0
372,complex,True,False,http_400,0.0,0.0
373,complex,True,True,,0.0,na
374,complex,True,True,,0.4284,0.4285
375,complex,True,True,,0.3786,na
376,complex,True,True,,0.8036,0.8963
377,complex,True,True,,0.0,0.0
378,complex,True,True,,1.0,na
379,complex,True,True,,0.0,0.0
380,complex,True,True,,0.0,0.0
381,complex,True,True,,0.0476,na
382,complex,True,True,,0.0,0.0
383,complex,True,True,,0.0,0.0
384,complex,True,True,,1.0,na
385,complex,True,True,,0.0,na
386,complex,True,True,,0.0,0.0
387,complex,False,False,not_linked,0.0,0.0
388,complex,True,True,,0.0,na
389,complex,True,True,,0.0,0.0
390,complex,False,False,not_linked,0.0,0.0
391,complex,True,True,,0.0,0.0
392,complex,True,True,,0.4186,na
393,complex,True,True,,0.0,na
394,complex,True,True,,0.5,na
395,complex,True,False,http_400,0.0,0.0
396,complex,True,True,,0.0,0.0
397,complex,True,True,,0.0006,0.0006
398,complex,True,True,,0.3559,0.5707
399,complex,True,True,,0.5025,0.5
400,complex,True,True,,0.0,0.0
401,complex,True,True,,0.3226,0.5
402,complex,True,True,,0.0,0.0
403,complex,True,True,,0.3122,0.993
404,complex,True,True,,0.0,0.0
405,complex,True,True,,0.0,0.0
406,complex,True,True,,0.0001,0.0001
407,complex,True,True,,0.029,0.0588
408,complex,True,True,,0.0,0.0
409,complex,True,True,,0.1032,0.0972
410,complex,True,True,,0.0,0.0
411,complex,True,True,,0.0023,0.0023
412,complex,True,True,,0.0,0.0
413,complex,True,True,,0.12,0.2834
414,complex,True,True,,0.0,0.0
415,complex,True,True,,0.288,0.3228
416,complex,True,True,,0.0,0.0
417,complex,True,True,,0.9986,na
418,complex,True,True,,0.0,0.0
419,complex,True,True,,0.0,0.0
420,complex,True,True,,0.0094,0.0
421,complex,True,True,,0.0,na
422,complex,True,True,,0.0,0.0
423,complex,True,True,,0.0,0.0
424,complex,True,True,,0.0,0.0
425,complex,True,True,,0.0,0.0
426,complex,True,True,,0.0,na
427,complex,True,True,,0.0,0.0
428,complex,True,True,,0.0,0.0
429,complex,True,True,,0.0861,0.094
430,complex,True,True,,0.0121,0.0121
431,complex,True,True,,0.8199,0.9418
432,complex,True,True,,1.0,na
433,complex,True,True,,0.0,na
434,complex,True,True,,0.4978,0.4978
435,complex,True,True,,0.0,0.0
436,complex,True,True,,0.2077,0.4615
437,complex,True,True,,1.0,na
438,complex,True,True,,0.0,0.0
439,complex,True,True,,0.0,0.0
440,complex,True,True,,1.0,na
441,complex,True,True,,0.7206,0.8857
442,complex,True,True,,0.0081,0.0213
443,complex,True,True,,0.0,0.0
444,complex,True,False,timeout,0.0,0.0
445,complex,True,True,,0.0,0.0
446,complex,True,True,,1.0,na
447,complex,True,True,,0.0,0.0
448,complex,True,False,http_500,0.0,0.0
449,complex,True,True,,0.5143,1.0
450,complex,True,True,,1.0,na
451,complex,True,True,,0.0078,0.0141
452,complex,True,True,,0.0,0.0
453,complex,True,True,,0.5542,0.0
454,complex,True,True,,0.0,0.0
455,complex,True,True,,1.0,na
456,complex,True,True,,0.0,0.0
457,complex,True,True,,0.6603,0.9783
458,complex,True,True,,0.0,0.0
459,complex,True,True,,0.0,0.0
460,complex,True,True,,0.0,0.0
461,complex,True,True,,0.0,0.0
462,complex,True,True,,0.0,na
463,complex,True,True,,1.0,na
464,complex,True,True,,0.3538,0.56
465,complex,True,True,,0.0,0.0
466,complex,True,True,,1.0,na
467,complex,True,True,,0.4346,0.9746
468,complex,True,True,,0.0,0.0
469,complex,True,True,,0.8562,1.0
470,complex,True,True,,0.0,0.0
471,complex,True,True,,0.0041,0.0
472,complex,False,False,not_linked,0.0,0.0
473,complex,True,True,,0.3462,0.3462
474,complex,True,True,,0.4183,0.5556
475,complex,True,True,,0.0,0.0
476,complex,True,True,,0.0,0.0
477,complex,True,True,,0.0,0.0
478,complex,True,True,,0.0,0.0
479,complex,True,True,,0.0286,0.0373
480,complex,True,True,,0.1527,0.1527
481,complex,True,False,timeout,0.0,0.0
482,complex,True,True,,0.0,0.0
483,complex,True,True,,1.0,na
484,complex,True,True,,0.5287,0.4564
485,complex,True,True,,0.0,0.0
486,complex,True,True,,0.0294,0.0303
487,complex,True,True,,0.0005,0.0
488,complex,True,True,,0.0157,0.0331
489,complex,True,True,,0.0676,0.0677
490,complex,True,True,,1.0,na
491,complex,True,True,,0.5597,0.9082
492,complex,True,True,,0.0057,0.0114
493,complex,True,True,,1.0,na
494,complex,True,True,,0.0,na
495,complex,True,True,,0.0,0.0
496,complex,True,True,,0.9255,0.9444
497,complex,True,True,,1.0,1.0
498,complex,True,True,,0.0,na
499,complex,True,True,,0.0,0.0
500,complex,True,True,,0.6582,0.9826
501,complex,True,True,,0.0,0.0
502,complex,True,True,,1.0,na
503,complex,True,True,,0.0327,0.0188
504,complex,True,True,,0.0,0.0
505,complex,True,True,,1.0,na
506,complex,True,True,,0.0,0.0
507,complex,True,True,,0.0,0.0
508,complex,True,True,,0.0,0.0
509,complex,True,True,,0.7489,0.9763
510,complex,True,True,,0.0025,0.0
511,complex,True,False,result_too_large,0.0,0.0
512,complex,True,True,,0.0,0.0
513,complex,True,True,,0.0,na
514,complex,True,False,http_500,0.0,0.0
515,complex,True,True,,0.0,0.0
516,complex,True,False,http_500,0.0,0.0
517,complex,True,True,,0.0,0.0
518,complex,True,True,,0.0,0.0
519,complex,True,True,,0.0,0.0
520,complex,True,True,,0.0,0.0
521,complex,True,True,,0.0,na
522,complex,True,True,,0.0492,0.0787
523,complex,True,True,,0.0,0.0
524,complex,True,True,,0.2523,0.234
525,complex,True,True,,1.0,na
526,complex,True,True,,0.0,0.0
527,complex,False,False,not_linked,0.0,0.0
528,complex,True,True,,0.0,0.0
529,complex,True,True,,0.0,na
530,complex,False,False,not_linked,0.0,0.0
531,complex,True,True,,0.0,0.0
532,complex,True,True,,0.3986,0.4779
533,complex,True,True,,0.0,0.0
534,complex,True,True,,0.0,0.0
535,complex,True,True,,1.0,na
536,complex,False,False,not_linked,0.0,0.0
537,complex,True,True,,0.3052,0.355
538,complex,False,False,not_linked,0.0,0.0
539,complex,True,True,,0.0,0.0
540,complex,True,True,,0.0,0.0
541,complex,True,True,,1.0,na
542,complex,True,True,,1.0,na
543,complex,True,True,,0.3991,0.8646
544,complex,True,True,,0.0,0.0
545,complex,True,True,,0.483,0.517
546,complex,True,True,,0.0,0.0
547,complex,True,True,,0.0,0.0
548,complex,True,False,http_500,0.0,0.0
549,complex,True,True,,0.0,0.0
550,complex,True,True,,0.25,0.44
551,complex,True,True,,1.0,na
552,complex,True,True,,0.0,0.0
553,complex,True,True,,0.0,0.0
554,complex,True,True,,0.1257,0.0
555,complex,True,True,,0.0,na
556,complex,True,True,,0.0,0.0
557,complex,True,True,,0.0,na
558,complex,True,True,,0.067,0.0
559,complex,True,True,,0.0526,na
560,complex,True,True,,0.0,na
561,complex,True,True,,0.0,na
562,complex,True,True,,1.0,na
563,complex,True,True,,0.0442,0.1117
564,complex,True,True,,0.0,0.0
565,complex,True,True,,0.1152,0.0741
566,complex,True,True,,0.0,na
