index,complexity,question,gold_query,linked_query,fully_linked,executed,exec_error,jaccard,error_category,notes,carried_over
32,simple,What are the nodes and predicates related to 'Wikidata' in English?,"SELECT ?node ?predicate WHERE {
?node ?predicate ""Wikidata""@en # @en is different from @en-gb and @en-ca
}","SELECT ?predicate ?node WHERE {
  wd:Q2013 ?predicate ?node .
  FILTER(LANG(?node) = ""en"" || !isLiteral(?node))
}",True,True,,0.0198,triple_flip,"gold matches the literal ""Wikidata""@en as OBJECT (?node ?predicate ""Wikidata""@en); mine starts from wd:Q2013 as SUBJECT. Linking succeeded but the question asks about the string, not the entity.",yes
8,simple,List all literary works and their descriptions.,"SELECT ?s ?desc
WHERE
{
?s wdt:P279 wd:Q7725634 .
OPTIONAL {
?s rdfs:label ?desc FILTER (lang(?desc) = ""en"").
}
}","SELECT ?work ?workLabel ?description WHERE {
  ?work wdt:P31 wd:Q7725634 .
  OPTIONAL {
    ?work schema:description ?description .
    FILTER(LANG(?description) = ""en"")
  }
  SERVICE wikibase:label { bd:serviceParam wikibase:language ""en"". }
}",True,False,result_too_large,0.0,execution,"result_too_large: mine uses wdt:P31 where gold uses wdt:P279, matching every literary work rather than its subclasses, so the result exceeds the 50MB cap",no
3,simple,List politicians who have Mastodon accounts.,"SELECT ?politicianLabel ?mastodon ?countryLabel
WHERE
{
?politician wdt:P4033 ?mastodon .
?politician wdt:P106 wd:Q82955 . # occupation politician
?politician wdt:P27 ?country .
SERVICE wikibase:label { bd:serviceParam wikibase:language ""[AUTO_LANGUAGE],en"". }
}
ORDER BY ?countryLabel","SELECT DISTINCT ?politician ?politicianLabel ?mastodon WHERE {
  ?politician wdt:P106 wd:Q82955 .
  ?politician wdt:P4033 ?mastodon .
  SERVICE wikibase:label { bd:serviceParam wikibase:language ""en"" . }
}",True,True,,0.0,near_miss,"same properties P4033/P106 and same shape; gold additionally joins P27 country and projects countryLabel, mine omits it",no
14,simple,List the top 20 humans with the highest recorded weight.,SELECT DISTINCT ?id WHERE { ?i wdt:P2067 ?v. ?i wdt:P31 ?id},"SELECT ?human ?humanLabel ?weight WHERE {
  ?human wdt:P31 wd:Q5 .
  ?human wdt:P2067 ?weight .
  SERVICE wikibase:label { bd:serviceParam wikibase:language ""en"". }
}
ORDER BY DESC(?weight)
LIMIT 20",True,True,,0.0,benchmark_noise,"gold returns the classes of things having a weight, unsorted and unlimited; the question asks for the top 20 heaviest humans, which mine implements correctly",no
12,simple,List all books on Bengali Wikisource that have been validated.,"SELECT
?item ?itemLabel ?siteLink
WHERE {
?siteLink schema:about ?item;
schema:isPartOf <https://bn.wikisource.org/>;
wikibase:badge wd:Q20748093.
SERVICE wikibase:label { bd:serviceParam wikibase:language ""bn,en"".}
}","SELECT ?book ?bookLabel WHERE {
  ?book wdt:P31 wd:Q3331189 .
  ?book wdt:P407 wd:Q9610 .
  ?book wdt:P1957 ?index .
  SERVICE wikibase:label { bd:serviceParam wikibase:language ""en,bn"". }
}",True,True,,0.01,structure,"gold works through sitelinks (schema:about, schema:isPartOf bn.wikisource.org, wikibase:badge Q20748093 for validated); mine queries items by class and language with P1957 — no notion of the validation badge",no
85,medium,Find the places where people named Michael or its variants were born.,"SELECT ?pertsona ?pertsonaLabel ?koord WHERE {
SERVICE wikibase:label { bd:serviceParam wikibase:language ""[AUTO_LANGUAGE],en"". }
?Mikel wdt:P460 wd:Q4927524.
?pertsona wdt:P735 ?Mikel.
?pertsona wdt:P19 ?jaiolekua.
?jaiolekua wdt:P625 ?koord.
}","SELECT DISTINCT ?birthPlace ?birthPlaceLabel WHERE {
  ?person wdt:P735 ?givenName .
  ?givenName wdt:P460* wd:Q4927524 .
  ?person wdt:P19 ?birthPlace .
  SERVICE wikibase:label { bd:serviceParam wikibase:language ""en"". }
}",True,True,,0.0,near_miss,"both resolve name variants via P460 and join P19; gold projects the person and birthplace coordinates, mine projects the birthplace itself, so the identifier sets are disjoint despite equivalent logic",no
65,medium,List all software developed by the KDE community.,"SELECT ?software ?softwareLabel ?fsf ?hub ?fram ?logo WHERE {
?software (wdt:P31/wdt:P279*) wd:Q7397.
?software wdt:P361 wd:Q20712193.
OPTIONAL {?software wdt:P2537 ?fsf.}
OPTIONAL {?software wdt:P1972 ?hub.}
OPTIONAL {?software wdt:P4107 ?fram.}
OPTIONAL {?software wdt:P154 ?logo.}
SERVICE wikibase:label { bd:serviceParam wikibase:language ""en"". }
}","SELECT ?software ?softwareLabel WHERE {
  ?software wdt:P178 wd:Q1431 .
  SERVICE wikibase:label { bd:serviceParam wikibase:language ""en"". }
}",True,True,,0.0746,wrong_property,gold identifies KDE software via P361 (part of) Q20712193 plus a P31/P279* software class constraint; mine uses P178 (developer) Q1431 and drops the class constraint,no
205,medium,List all the birthplaces of Liverpool football players on a map.,"SELECT ?item ?itemLabel ?murLabel ?coordinates ?foto
WHERE
{
?item wdt:P106 wd:Q937857;
wdt:P54 wd:Q1130849 ;
wdt:P19 ?mur.
?mur wdt:P625 ?coordinates.
OPTIONAL {?item wdt:P18 ?foto.}
SERVICE wikibase:label { bd:serviceParam wikibase:language ""pl, en"". }
}","SELECT DISTINCT ?birthplace ?birthplaceLabel ?coord WHERE {
  ?player wdt:P54 wd:Q1130849 .
  ?player wdt:P19 ?birthplace .
  ?birthplace wdt:P625 ?coord .
  SERVICE wikibase:label { bd:serviceParam wikibase:language ""en"". }
}",True,True,,0.0,near_miss,"same P54 -> P19 -> P625 join; gold additionally requires P106 footballer and projects the player, mine projects the birthplace — disjoint projection, equivalent logic",no
57,medium,List all racing car drivers who died in a crash.,"SELECT ?item ?death ?itemLabel {
?item wdt:P31 wd:Q5 ; wdt:P106 wd:Q10349745 ; wdt:P509 wd:Q61037771 .
OPTIONAL { ?item wdt:P570 ?death }
SERVICE wikibase:label { bd:serviceParam wikibase:language ""[AUTO_LANGUAGE],en"". }
}
ORDER BY ?death","SELECT DISTINCT ?driver ?driverLabel WHERE {
  ?driver wdt:P106 wd:Q10349745 .
  ?driver wdt:P1196 wd:Q171558 .
  SERVICE wikibase:label { bd:serviceParam wikibase:language ""en"". }
}",True,True,,0.0,wrong_property,"gold uses P509 (cause of death) = Q61037771 traffic collision; mine uses P1196 (manner of death) = Q171558 accident — both plausible readings, different property and value",no
188,medium,List the top software titles with their dependency counts.,"SELECT ?application ?applicationLabel (COUNT(?software) AS ?count)
WHERE
{
?application wdt:P31/wdt:P279* wd:Q7397.
?application wdt:P1547 ?software.
SERVICE wikibase:label { bd:serviceParam wikibase:language ""[AUTO_LANGUAGE],en"". }
}
GROUP BY ?application ?applicationLabel
ORDER BY DESC (?count)
LIMIT 60","SELECT ?software ?softwareLabel (COUNT(?dependency) AS ?dependencyCount) WHERE {
  ?software wdt:P31 wd:Q7397 .
  ?software wdt:P1547 ?dependency .
  SERVICE wikibase:label { bd:serviceParam wikibase:language ""en"". }
}
GROUP BY ?software ?softwareLabel
ORDER BY DESC(?dependencyCount)
LIMIT 100",True,True,,0.0191,structure,"same aggregation and P1547; gold uses P31/P279* closure over software classes, mine uses direct P31; also LIMIT 100 vs 60",no
233,medium,Find the coordinates of places where people named Antoine were born.,"SELECT ?item ?itemLabel ?coord
WHERE
{
?item wdt:P31 wd:Q5 . # human
?item wdt:P735 wd:Q15235674.
?item wdt:P19 ?place.
?place wdt:P625 ?coord.
SERVICE wikibase:label { bd:serviceParam wikibase:language ""fr"". }
}","SELECT DISTINCT ?place ?placeLabel ?coordinates WHERE {
  ?person wdt:P735 wd:Q15235674 .
  ?person wdt:P19 ?place .
  ?place wdt:P625 ?coordinates .
  SERVICE wikibase:label { bd:serviceParam wikibase:language ""en"". }
}",True,True,,0.0,near_miss,"identical logic P735 -> P19 -> P625; gold projects the person and coordinates, mine projects the place — projection difference only",no
155,medium,"Show me a map of parishes in New South Wales, Australia, organized by county.","SELECT DISTINCT ?parish ?parishLabel ?coords ?county ?countyLabel WHERE {
?parish wdt:P31/wdt:P279* wd:Q28931907 .
?county wdt:P31/wdt:P279* wd:Q20974973 .
?parish wdt:P131 ?county .
?parish wdt:P625 ?coords.
SERVICE wikibase:label {
bd:serviceParam wikibase:language ""en"" .
}
}
LIMIT 15000","SELECT ?parish ?parishLabel ?county ?countyLabel ?coord WHERE {
  ?parish wdt:P31 wd:[entity:cadastral division of New South Wales] .
  ?parish wdt:P131 ?county .
  ?county wdt:P31 wd:[entity:Cadastral divisions of New South Wales] .
  OPTIONAL { ?parish wdt:P625 ?coord . }
  SERVICE wikibase:label { bd:serviceParam wikibase:language ""en"". }
}
ORDER BY ?countyLabel ?parishLabel",False,False,not_linked,0.0,unresolved,"fully_linked False, not_linked: placeholders wd:[entity:cadastral division of New South Wales] and wd:[entity:Cadastral divisions of New South Wales] never resolved — long descriptive strings that fail wbsearchentities lookup",no
55,medium,List all things that have a first line.,"SELECT (COUNT(?thing) AS ?count) ?typeLabel WHERE {
?thing wdt:P1922 [];
wdt:P31 ?type.
SERVICE wikibase:label {bd:serviceParam wikibase:language ""[AUTO_LANGUAGE],en,de,fr,ru""}
} GROUP BY ?typeLabel
ORDER BY DESC(?count)","SELECT DISTINCT ?item ?itemLabel WHERE {
  ?item wdt:P1922 ?firstLine .
  SERVICE wikibase:label { bd:serviceParam wikibase:language ""en"". }
}",True,True,,0.0,structure,"gold aggregates COUNT(?thing) grouped by type ordered descending, answering which kinds of things have a first line; mine lists individual items with no aggregation. Same property P1922",no
169,medium,Show me a map of the birthplaces of artists featured in Europeana 280.,"SELECT ?creator ?creatorLabel ?placebirthLabel ?geoloc where {
?item wdt:P31/wdt:P279* wd:Q838948 . # oeuvre d'art et ss-classe
?item wdt:P608 wd:Q20980830 . # du projet Europeana 280
?item wdt:P170 ?creator . # createur
?creator wdt:P19 ?placebirth . # lieu de naissance
?placebirth wdt:P625 ?geoloc . #coordonnees geo
SERVICE wikibase:label {
bd:serviceParam wikibase:language ""fr,es,en"" .
}
}","SELECT ?artist ?artistLabel ?birthplace ?birthplaceLabel ?coord WHERE {
  ?artist wdt:P1875* wd:Q20980830 .
  ?artist wdt:P19 ?birthplace .
  ?birthplace wdt:P625 ?coord .
  SERVICE wikibase:label { bd:serviceParam wikibase:language ""en"". }
}

Note: ""Europeana 280"" artists are typically linked via a participant/featured-in relationship. A more accurate query:

SELECT ?artist ?artistLabel ?birthplace ?birthplaceLabel ?coord WHERE {
  ?artist wdt:P361 wd:Q20980830 .
  ?artist wdt:P19 ?birthplace .
  ?birthplace wdt:P625 ?coord .
  SERVICE wikibase:label { bd:serviceParam wikibase:language ""en"". }
}",True,False,http_400,0.0,execution,"http_400: the model appended prose after the query (""Note: Europeana 280 artists are typically linked via..."") making it unparseable — a generation-format failure rather than a semantic one",no
126,medium,List Czech buildings that serve as both a place of worship and a fire station.,"select ?item ?itemLabel ?img where {
?item wdt:P31 wd:Q1195942 .
?item wdt:P31/wdt:P279* wd:Q24398318 .
optional {?item wdt:P18 ?img .}
}","SELECT DISTINCT ?building ?buildingLabel WHERE {
  ?building wdt:P17 wd:Q213 .
  ?building wdt:P31 wd:Q1370598 .
  ?building wdt:P31 wd:Q1195942 .
  SERVICE wikibase:label { bd:serviceParam wikibase:language ""en"". }
}",True,True,,0.0,structure,"gold requires P31 Q1195942 AND P31/P279* Q24398318 (fire station and subclasses); mine uses two direct P31 constraints plus a country filter, missing the closure",no
271,complex,List all virtual conferences along with their environment and other details.,"SELECT DISTINCT
?conf ?confLabel
?startDate ?endDate
?url
?hashtag
(GROUP_CONCAT(DISTINCT ?envLabel;separator="", "") AS ?environments)
(GROUP_CONCAT(DISTINCT ?orgLabel;separator="", "") AS ?organizers)
WHERE {
# web conferences with homepage
?conf wdt:P31/wdt:P279* wd:Q1543677 ;
wdt:P856 ?url .
OPTIONAL { # which software is used?
?conf wdt:P2283 ?env .
?env wdt:P31/wdt:P279* wd:Q7397
}
OPTIONAL { ?conf wdt:P580 ?startDate }
OPTIONAL { ?conf wdt:P582 ?endDate }
OPTIONAL { ?conf wdt:P2572 ?hashtag }
OPTIONAL { ?conf wdt:P664 ?org }
SERVICE wikibase:label {
bd:serviceParam wikibase:language ""[AUTO_LANGUAGE],en"" .
?conf rdfs:label ?confLabel .
?env rdfs:label ?envLabel .
?org rdfs:label ?orgLabel .
}
} GROUP BY ?conf ?confLabel ?url ?startDate ?endDate ?hashtag ?organizers","SELECT ?conference ?conferenceLabel ?environment ?environmentLabel ?startTime ?endTime WHERE {
  ?conference wdt:P31 wd:Q7935096 .
  OPTIONAL { ?conference wdt:P276 ?environment . }
  OPTIONAL { ?conference wdt:P580 ?startTime . }
  OPTIONAL { ?conference wdt:P582 ?endTime . }
  SERVICE wikibase:label { bd:serviceParam wikibase:language ""en"". }
}",True,True,,0.0211,structure,"gold uses P31/P279* closure over web conferences, requires a homepage, and GROUP_CONCATs environments and organisers; mine uses direct P31 on a different class, P276 instead of P2283, and no aggregation",no
268,complex,"What are the ingredients in a sandwich, excluding bread?","SELECT ?sandwich ?ingredient ?sandwichLabel ?ingredientLabel
WHERE
{
?sandwich wdt:P31?/wdt:P279* wd:Q28803;
wdt:P527 ?ingredient.
MINUS { ?ingredient wdt:P279* wd:Q7802. }
SERVICE wikibase:label { bd:serviceParam wikibase:language ""en"", ""fr"". }
}
ORDER BY UCASE(STR(?sandwichLabel))","SELECT ?ingredient ?ingredientLabel WHERE {
  wd:Q28803 wdt:P527 ?ingredient .
  FILTER(?ingredient != wd:Q7802)
  SERVICE wikibase:label { bd:serviceParam wikibase:language ""en"". }
}",True,True,,0.0,structure,"gold quantifies over all sandwiches via P31?/P279* then lists ingredients, excluding bread AND its subclasses with MINUS ?ingredient wdt:P279* Q7802; mine queries the abstract item Q28803 only and excludes bread with a plain != — missing closure on both sides",no
296,complex,List all statues in the UK that depict women or nobles.,"SELECT
?statue ?statueLabel (SAMPLE(?statueLocation) AS ?statueLocation_) (SAMPLE(?statueImage) AS ?statueImage_)
?person ?personLabel
(IF(?female, ""female""@en, ""not female""@en) AS ?femaleLabel)
(IF(?hasNobleTitle, ""has noble title""@en, ""has no noble title""@en) AS ?hasNobleTitleLabel)
(CONCAT(?femaleLabel, "", ""@en, ?hasNobleTitleLabel) AS ?layer)
WHERE {
?statue wdt:P31/wdt:P279* wd:Q860861;
wdt:P17 wd:Q145;
wdt:P180|wdt:P547 ?person.
?person wdt:P31 wd:Q5.
BIND(EXISTS { ?person wdt:P21/wdt:P279* wd:Q6581072. } AS ?female)
BIND(EXISTS { ?person wdt:P97 ?nobleTitle. } AS ?hasNobleTitle)
OPTIONAL { ?statue wdt:P625 ?statueLocation. }
OPTIONAL { ?statue wdt:P18 ?statueImage. }
SERVICE wikibase:label { bd:serviceParam wikibase:language ""[AUTO_LANGUAGE],en"". }
}
GROUP BY ?statue ?statueLabel ?person ?personLabel ?female ?hasNobleTitle","SELECT DISTINCT ?statue ?statueLabel WHERE {
  ?statue wdt:P31 wd:Q179700 .
  ?statue wdt:P17 wd:Q145 .
  ?statue wdt:P180 ?subject .
  {
    ?subject wdt:P21 wd:Q467 .
  } UNION {
    ?subject wdt:P106 wd:Q13417114 .
  }
  SERVICE wikibase:label { bd:serviceParam wikibase:language ""en"". }
}",True,True,,0.0,structure,gold uses P31/P279* closure over statues with SAMPLE for location/image and IF/CONCAT classification layers; mine uses direct P31 and a plain UNION over gender/occupation,no
329,complex,Find the route of The Antartic Circumpolar Voyage expedition.,"SELECT * WHERE {
wd:Q104863295 p:P276 ?stat .
?stat ps:P276 ?location .
?location p:P625 [ ps:P625 []; psv:P625 [ wikibase:geoLongitude ?coord1lon; wikibase:geoLatitude ?coord1lat; ] ].
?stat pq:P1545 ?series .
wd:Q104863295 p:P276 ?stat2 .
?stat2 ps:P276 ?location2 .
?location2 p:P625 [ ps:P625 []; psv:P625 [ wikibase:geoLongitude ?coord2lon; wikibase:geoLatitude ?coord2lat; ] ].
?stat2 pq:P1545 ?series2 .
filter (xsd:integer(?series) = xsd:integer(?series2) -1)
BIND(CONCAT('LINESTRING (', STR(?coord1lon), ' ', STR(?coord1lat), ',', STR(?coord2lon), ' ', STR(?coord2lat), ')') AS ?str) .
BIND(STRDT(?str, geo:wktLiteral) AS ?line)
BIND(""ff0033"" as ?rgb)
BIND(""voyage"" AS ?layer)
}","SELECT ?route ?routeLabel WHERE {
  wd:[entity:Antarctic Circumpolar Expedition] wdt:P15 ?route .
  SERVICE wikibase:label { bd:serviceParam wikibase:language ""en"". }
}",False,False,not_linked,0.0,unresolved,not_linked: placeholder wd:[entity:Antarctic Circumpolar Expedition] never resolved,no
337,complex,Show me a map of places where accused witches lived.,"SELECT ?person ?personLabel ?accusedwitch ?precision ?coords ?Occupation ?Residence ?image (?Occupation as ?layer)
WHERE {
?person wdt:P4478 ?accusedwitch .
?person wdt:P31 wd:Q5.
?person wdt:P21 ?gender .
?person wdt:P551 ?residence .
OPTIONAL { ?person wdt:P106 ?occupation}
OPTIONAL { ?person wdt:P3716 ?socialclassification }
?residence wdt:P625 ?coords.
OPTIONAL { ?article schema:about ?person. }
SERVICE wikibase:label {
bd:serviceParam wikibase:language ""en"".
?person rdfs:label ?personLabel.
?residence rdfs:label ?Residence .
?occupation rdfs:label ?Occupation.
?gender rdfs:label ?Gender.
?socialclassification rdfs:label ?SocialClassification .
}
}","SELECT DISTINCT ?person ?personLabel ?residence ?residenceLabel ?coord WHERE {
  ?person wdt:P1595 wd:Q259745 .
  ?person wdt:P551 ?residence .
  ?residence wdt:P625 ?coord .
  SERVICE wikibase:label { bd:serviceParam wikibase:language ""en"". }
}",True,True,,0.0,wrong_property,gold identifies accused witches via P4478 (Survey of Scottish Witchcraft ID); mine uses P1595 (charge) = Q259745 witchcraft — different property selects a different population; structure otherwise parallel,no
422,complex,What is the average height of male figure skaters in each discipline?,"SELECT ?disciplineLabel ?genderLabel (AVG(?height_in_m) AS ?averageheight) (COUNT(?person) AS ?number)
WHERE {
?person wdt:P2416 ?discipline ;
wdt:P641 wd:Q38108 .
?person wdt:P21 ?gender .
?person p:P2048/psn:P2048/wikibase:quantityAmount ?height_in_m .
SERVICE wikibase:label { bd:serviceParam wikibase:language ""[AUTO_LANGUAGE],en"". }
}
GROUP BY ?disciplineLabel ?genderLabel
ORDER BY ?averageheight","SELECT ?discipline ?disciplineLabel (AVG(?height) AS ?avgHeight) WHERE {
  ?skater wdt:P31 wd:Q5 .
  ?skater wdt:P21 wd:Q6581097 .
  ?skater wdt:P641 wd:Q38108 .
  ?skater wdt:P2048 ?height .
  ?skater wdt:P106 ?discipline .
  SERVICE wikibase:label { bd:serviceParam wikibase:language ""en"". }
}
GROUP BY ?discipline ?disciplineLabel",True,True,,0.0,structure,"gold reads height via the normalised value node p:P2048/psn:P2048/wikibase:quantityAmount so units are comparable, and groups by P2416 discipline; mine uses direct wdt:P2048 without normalisation and groups by P106 — averaging raw quantities across units is arithmetically wrong",no
453,complex,"Find Swedish words with examples that show both a form and a sense, along with their sources.","select ?lexemeId ?lemma ?example ?sourceLabel ?source
WHERE {
?lexemeId <http://purl.org/dc/terms/language> wd:Q9027;
wikibase:lemma ?lemma.
?lexemeId p:P5831 ?statement.
?statement ps:P5831 ?example;
pq:P6072 [];
pq:P5830 [].
?lexemeId p:P5831 [ prov:wasDerivedFrom [ pr:P248 ?source ] ].
SERVICE wikibase:label { bd:serviceParam wikibase:language ""sv,en"". }
}","SELECT ?lexeme ?lemma ?formExample ?senseExample ?source WHERE {
  ?lexeme dct:language wd:Q9027 ;
          wikibase:lemma ?lemma .
  ?lexeme p:P5831 ?statement .
  ?statement ps:P5831 ?example .
  ?statement pq:P5830 ?form .
  ?statement pq:P6072 ?sense .
  OPTIONAL { ?statement prov:wasDerivedFrom ?source . }
  BIND(?example AS ?formExample)
  BIND(?example AS ?senseExample)
}",True,True,,0.0,near_miss,"both use the lexeme model and access pq:P5830 / pq:P6072 on the P5831 statement; gold reaches the source through a nested reference node prov:wasDerivedFrom [ pr:P248 ?source ] while mine binds prov:wasDerivedFrom directly, returning the reference node rather than the cited work",no
439,complex,Find a list of diplomatic missions operated by the United Kingdom.,"SELECT distinct ?item ?itemLabel ?P31Label ?P17Label ?P131Label ?P137Label ?P361Label WHERE
{
?item wdt:P31/wdt:P279* wd:Q213283 .
?item wdt:P137 wd:Q145.
optional {?item wdt:P31 ?P31 . }
optional {?item wdt:P17 ?P17 . }
optional {?item wdt:P131 ?P131 . }
optional {?item wdt:P137 ?P137 . }
optional {?item wdt:P361 ?P361 . }
SERVICE wikibase:label { bd:serviceParam wikibase:language ""[AUTO_LANGUAGE],en"". }
}","SELECT ?mission ?missionLabel WHERE {
  ?mission wdt:P31 wd:Q213283 .
  ?mission wdt:P137 wd:Q145 .
  SERVICE wikibase:label { bd:serviceParam wikibase:language ""en"". }
}",True,True,,0.0,structure,"gold uses P31/P279* closure over diplomatic missions with optional attribute columns; mine uses direct P31. Same two core constraints, missing closure",no
324,complex,List all hillforts with their Atlas of Hillforts ID and a link to their Wikipedia page.,"SELECT DISTINCT ?subj (URI(CONCAT(""https://hillforts.arch.ox.ac.uk/?query=Atlas_of_Hillforts_4166_0%2CMain_Atlas_Number%2C"", ?atlasID)) AS ?atlas) ?english WHERE
{ ?subj wdt:P31/wdt:P279? wd:Q744099 ;
wdt:P4102 ?atlasID .
?english schema:about ?subj ; schema:isPartOf <https://en.wikipedia.org/>
} ORDER BY ?atlasID","SELECT ?hillfort ?hillfortLabel ?atlasID ?article WHERE {
  ?hillfort wdt:P4102 ?atlasID .
  OPTIONAL {
    ?article schema:about ?hillfort ;
             schema:isPartOf <https://en.wikipedia.org/> .
  }
  SERVICE wikibase:label { bd:serviceParam wikibase:language ""en"". }
}",True,True,,0.096,structure,gold restricts to hillforts via P31/P279? Q744099 and requires the en.wikipedia sitelink; mine has no class constraint (anything with a P4102 ID) and makes the sitelink OPTIONAL,no
489,complex,List the members of scholarly societies who died before 1800.,"SELECT ?person ?personLabel ?group ?groupLabel (""7FFF00"" as ?rgb)
WHERE {
?person wdt:P570 ?death FILTER (YEAR(?death) < 1800).
?person wdt:P463 wd:Q123885. # That ?person is a person is implicit through membership
?person wdt:P463 ?group FILTER (?group != wd:Q123885).
?group wdt:P31/wdt:P279? wd:Q955824.
SERVICE wikibase:label { bd:serviceParam wikibase:language ""[AUTO_LANGUAGE],en"". }
}","SELECT DISTINCT ?member ?memberLabel WHERE {
  ?society wdt:P31 wd:Q955824 .
  ?member wdt:P463 ?society .
  ?member wdt:P570 ?dod .
  FILTER(YEAR(?dod) < 1800)
  SERVICE wikibase:label { bd:serviceParam wikibase:language ""en"". }
}",True,True,,0.0677,structure,"gold requires membership of a specific society (P463 Q123885) AND a second, different scholarly society; mine matches anyone in any society of class Q955824. Date filter identical",no
477,complex,List all current US Supreme Court justices along with their date of birth.,"SELECT ?image ?partyLabel ?justiceLabel ?birthdate
WHERE
{
?justice p:P39 ?statement .
{ ?statement ps:P39 wd:Q11144 } UNION { ?statement ps:P39 wd:Q11147 }
?statement pq:P580 ?appointed .
FILTER NOT EXISTS { ?statement pq:P582 ?x }
?justice wdt:P569 ?birthdate .
?justice wdt:P102 ?party .
?justice wdt:P18 ?image .
SERVICE wikibase:label { bd:serviceParam wikibase:language ""en"" }
}","SELECT ?justice ?justiceLabel ?dob WHERE {
  ?justice wdt:P39 wd:Q20706330 .
  ?justice p:P39 ?statement .
  ?statement ps:P39 wd:Q20706330 .
  FILTER NOT EXISTS { ?statement pq:P582 ?endTime . }
  OPTIONAL { ?justice wdt:P569 ?dob . }
  SERVICE wikibase:label { bd:serviceParam wikibase:language ""en"". }
}",True,True,,0.0,wrong_entity,"gold identifies justices via a UNION of two position entities (Q11144 associate, Q11147 chief) with pq:P580 and no end date; mine uses a single entity Q20706330 for both. Structure otherwise correct",no
487,complex,Show me words that describe people from a certain place on the map.,"SELECT ?l ?lemma ?demoPlaceLabel ?coords WHERE {
?l a ontolex:LexicalEntry ;
dct:language ?language ;
wikibase:lemma ?lemma .
?language wdt:P218 'sv'. # language
?l ontolex:sense ?sense.
?sense wdt:P6271 ?demoPlace.
?demoPlace wdt:P625 ?coords
SERVICE wikibase:label { bd:serviceParam wikibase:language ""[AUTO_LANGUAGE],en"". }
}","SELECT ?item ?itemLabel ?demonym WHERE {
  ?item wdt:P1549 ?demonym .
  ?item wdt:P625 ?coord .
  SERVICE wikibase:label { bd:serviceParam wikibase:language ""en"". }
}
LIMIT 100",True,True,,0.0,structure,"gold works on lexemes (ontolex:LexicalEntry, wikibase:lemma, ontolex:sense) with P6271 demonym-of from the sense to a place with coordinates; mine queries items with P1549 directly",no
434,complex,List all individuals who are both parents and children of the same person.,"SELECT ?person1 ?person1Label ?person2 ?person2Label
WHERE
{
{ ?person1 wdt:P22 ?person2 ; wdt:P31 wd:Q5 } UNION { ?person1 wdt:P25 ?person2 ; wdt:P31 wd:Q5 }
?person1 wdt:P40 ?person2 ; wdt:P31 wd:Q5 .
SERVICE wikibase:label { bd:serviceParam wikibase:language ""en"". }
}","SELECT DISTINCT ?person ?personLabel WHERE {
  ?person wdt:P40 ?other .
  ?person wdt:P22 ?other .
  SERVICE wikibase:label { bd:serviceParam wikibase:language ""en"". }
}",True,True,,0.4978,near_miss,"both find the self-referential parent/child pair; gold covers father OR mother (P22 UNION P25) with P31 Q5 constraints, mine covers only P22 and no human constraint — the father-only subset overlaps substantially",no
400,complex,"List all Basque people with known birthplaces on Wikipedia, grouped by the century they died in.","SELECT DISTINCT ?gizaki ?gizakiLabel ?jaiolekuaLabel ?heriotzalekuaLabel ?year ?layer ?data (CONCAT(STR(?year), ""-01-01 00:00:00"") as ?concat) ?lat ?lon ?lat2 ?lon2 WHERE {
SERVICE wikibase:label { bd:serviceParam wikibase:language ""[AUTO_LANGUAGE],en"". }
?gizaki wdt:P31 wd:Q5;
(wdt:P19/(wdt:P131*)/^wdt:P527) wd:Q47588.
?gizaki wdt:P19 ?jaiolekua.
?jaiolekua p:P625 ?koordenatuak.
?koordenatuak psv:P625 ?koord.
?koord wikibase:geoLatitude ?lat.
?koord wikibase:geoLongitude ?lon.
?gizaki wdt:P570 ?data.
BIND(YEAR(?data) as ?year).
BIND(FLOOR((?year-1)/100)+1 AS ?mende).
BIND(?mende as ?layer)
?gizaki wdt:P20 ?heriotzalekua.
?heriotzalekua p:P625 ?koordenatuak2.
?koordenatuak2 psv:P625 ?koord2.
?koord2 wikibase:geoLatitude ?lat2.
?koord2 wikibase:geoLongitude ?lon2.
}","SELECT ?century (COUNT(DISTINCT ?person) AS ?count) WHERE {
  ?person wdt:P31 wd:Q5 .
  ?person wdt:P172 wd:Q47588 .
  ?person wdt:P19 ?birthplace .
  ?person wdt:P570 ?deathDate .
  BIND(FLOOR((YEAR(?deathDate) - 1) / 100) + 1 AS ?century)
}
GROUP BY ?century
ORDER BY ?century",True,True,,0.0,structure,gold establishes Basque origin with the path (wdt:P19/(wdt:P131*)/^wdt:P527) Q47588 and returns individuals with coordinates; mine uses P172 ethnic group and returns counts per century rather than people,no
332,complex,List the languages of poems and their first lines.,"SELECT (COUNT(?thing) AS ?count) ?langLabel ?langlineLabel WHERE {
?thing wdt:P1922 ?line.
BIND(lang(?line) AS ?langlinecode)
?langline wdt:P218 ?langlinecode
OPTIONAL { ?thing wdt:P364 ?lang }
SERVICE wikibase:label {bd:serviceParam wikibase:language ""[AUTO_LANGUAGE],en,de,fr,ru""}
} GROUP BY ?langLabel ?langlineLabel
ORDER BY ?langLabel DESC(?count)","SELECT ?poem ?poemLabel ?language ?languageLabel ?firstLine WHERE {
  ?poem wdt:P31 wd:Q5185279 .
  OPTIONAL { ?poem wdt:P407 ?language . }
  OPTIONAL { ?poem wdt:P1922 ?firstLine . }
  SERVICE wikibase:label { bd:serviceParam wikibase:language ""en"". }
}",True,True,,0.0,structure,"gold counts poems grouped by the language of the first line, deriving the code with BIND(lang(?line)); mine lists individual poems with no aggregation and constrains P31 Q5185279 where gold does not constrain the class",no
