row,verdict,note
2,yes,"P138 identifies items named after John Sibthorp, and P225 gives their organism names."
109,yes,"Retrieves Wikidata properties through wikibase:directClaim, with their IDs, labels, and descriptions."
232,yes,"Finds photographs by Carleton Watkins (P170) and their collections (P276). The results identify the requested collections."
557,no,"The query restricts MPs to the 15th legislature, rather than current French MPs. It therefore does not answer the current-state question."
286,no,"The query returns things depicted (P180) in artworks from both museums, not the artworks themselves."
424,yes,""
144,yes,""
494,no,"The extra `FILTER EXISTS { ?company wdt:P414"
555,yes,""
532,yes,""
16,yes,""
550,yes,""
325,yes,""
223,yes,""
183,yes,""
420,no,"The query retrieves programming languages and inventors/creators with images, but it does not actually require a creation year. P571 is optional, so languages without a creation date can still appear. Also, LIMIT 25 prevents listing all matching languages."
547,no,"It retrieves moons and their P138 namesakes, but it additionally requires a planetary distance (P2244) and performs an unrelated light-year calculation. More importantly, moons without a P138 namesake are excluded, so it does not cleanly answer the requested list of moons and namesakes."
0,yes,""
134,no,"The query does not explicitly require the entities to be settlements. It retrieves entities related to the Way of Saint James and located in the Basque Country, but the results include churches, sanctuaries, etc"
125,yes,""
147,yes,""
46,no,"Although the question asks for lodges with a Wikipedia article but no label, the query never filters for an absent Wikidata label. OPTIONAL retrieves Wikipedia titles but does not require Masonic_LodgeLabel to be missing."
67,yes,"P31/P279* Q484170 identifies French municipalities/communes, and P948 retrieves their banners."
59,yes,""
89,no,"The result is only one row with a blank ingredient label and count 728. The query fails to produce a usable ranking of individual ingredients, so it does not answer which ingredients are most common."
318,yes,""
238,no,"It counts films per co-actor but does not filter for multiple films (e.g. HAVING(COUNT(?film) > 1)). Also, the returned single row indicates the labels are not properly grouped."
215,yes,""
45,yes,""
302,no,"It restricts items to Czechia and retrieves collection-size statements, but it does not establish that the items are art collections."
508,no,"The query does not exclude a language from being compared with itself—the FILTER (?language1 != ?language2) is commented out. Thus results such as zu → zu are included, which is not an overlap between languages."
329,yes,""
169,yes,""
126,no,"It requires the item to be both Q1195942 and a subclass of Q24398318, but the query does not establish that these are specifically Czech buildings. The results visibly include non-Czech locations (e.g. Ballenberg and Hindmarsh)."
268,yes,""
484,no,"It identifies items classified as Roman praenomina and counts people associated with them, but it does not actually determine the most common ones: there is no ORDER BY DESC(?ct) or LIMIT, so all 82 are returned without ranking."
260,yes,""
361,no,"It retrieves people buried at Père-Lachaise and their birthplaces/coordinates, but it does not actually organize/group the people by birthplace. It simply orders the results by person label."
168,yes,""
452,yes,""
382,no,"It identifies software matching the research/open-source classifications and attaches fields, but it does not ensure the software is specifically research software categorized by field; the classification is too broad and includes items such as GNUnet and Animate.css."
422,no,"The query never filters for male gender. It groups by gender, but the returned result is a single aggregate row with a blank gender label, so it does not provide average height for male figure skaters in each discipline."
220,no,"The OPTIONAL block requires all four properties (P1476, P110, P123, P577) to match together. Therefore books lacking any one of them get no title/illustrator/publisher/date information, contrary to ""if available."""
29,yes,""
145,no,"P27 represents country of citizenship, not necessarily country of origin. Also, the result is aggregated into a single row rather than clearly listing the countries."
38,yes,""
167,no,"The query finds fortifications with Atlas of Mutual Heritage URLs, but it never connects them to either VOC or WIC."
171,no,"It only retrieves foods that have both an English and a Catalan label, so it excludes many English food types. The Catalan requirement is unrelated to the question."
373,no,"It retrieves URLs as ?q, rather than the artworks themselves. It also requires a depicted entity with both a label and description, unnecessarily excluding artworks without those properties."
115,yes,""
159,no,"It counts metal bands by country but does not sort or limit by the count, so it doesn't identify the countries with the most metal bands."
37,yes,""
276,no,"The regex restricts words to having each alphabet letter at most once, so it excludes many legitimate long English words. It therefore does not find the longest English words generally."
117,no,"It retrieves people who received the Theatre World Award, but it does not filter the award date to 2016. The returned years clearly show many other years."
533,yes,""
8,yes,"The query retrieves items that are subclasses of Q7725634, but it does not establish that these are all literary works. More importantly, the desc column is actually populated from rdfs:label, so it gives the English label, not the Wikidata description."